{
    "comment": "是否启用此策略",
    "enable": false,
    "instance": [
        {
            "comment_0": "是否启用此实例",
            "enable": true,
            "comment_1": "ID用于区分不同策略实例的委托",
            "ID": 101,
            "BeginDate": 20180101,
            "comment_2": "可通过增加Data实现多合约多周期引用",
            "Datas": [
                {
                    "Instrument": "bu1806",
                    "IntervalType": "Minute",
                    "Interval": 1
                },
                {
                    "Instrument": "bu1806",
                    "IntervalType": "Minute",
                    "Interval": 30
                }
            ],
            "Params": {
                "Lots": 1,
                "MA1": 10,
                "MA2": 20
            }
        },
        {
            "comment_0": "是否启用此实例",
            "enable": false,
            "comment_1": "ID用于区分不同策略实例的委托",

            "ID": 102,
            "BeginDate": 20171110,
            "Datas": [
                {
                    "Instrument": "rb1805",
                    "IntervalType": "Minute",
                    "Interval": 5,
                    "Lots": 1
                }
            ],
            "Params": {
                "MA1": 5,
                "MA2": 60
            }
        }
    ]
}